,CNY/USD,EUR/USD,JPY/USD,GBP/USD,FROM
CNY/USD,0.0,-2.470625921535288,1.7003484961723008,1.4672627883118632,0.17424634073721895
EUR/USD,0.3924364411439504,0.0,-1.9397929545889263,-1.5856364156980105,-0.7832482322857466
JPY/USD,-0.33103673994537336,-2.770380898024442,0.0,1.476685542363453,-0.40618302390159067
GBP/USD,0.4378252110598423,2.771899111381141,-1.8994697059269285,0.0,0.3275636541285137
TO,0.12480622806460483,-0.6172769270446474,-0.5347285410858885,0.33957797874432644,0.0
NET,-0.049440112672614125,0.16597130524109915,-0.12854551718429785,0.012014324615812755,0.0
